"0","# Importing the libraries"
"0","library(knitr)"
"0","library(Metrics)"
"0","library(dplyr)"
"0","library(vars)"
"2","Loading required package: MASS
"
"2","
Attaching package: ‘MASS’

"
"2","The following object is masked from ‘package:dplyr’:

    select

"
"2","Loading required package: strucchange
"
"2","Loading required package: zoo
"
"2","
Attaching package: ‘zoo’

"
"2","The following objects are masked from ‘package:base’:

    as.Date, as.Date.numeric

"
"2","Loading required package: sandwich
"
"2","Loading required package: urca
"
"2","Loading required package: lmtest
"
